{
  "model/models-dbg.js": 1745161797493,
  "controller/Main.controller.js": 1745761124675,
  "model/models.js": 1745161797493,
  "controller/App.controller.js": 1745161797493,
  "manifest.json": 1745773559393,
  "Component.js": 1745759267334,
  "i18n/i18n.properties": 1745759647990,
  "model/models.js.map": 1745773559496,
  "controller/Main-dbg.controller.js": 1745761124675,
  "controller/Main.controller.js.map": 1745773559501,
  "controller/App-dbg.controller.js": 1745161797493,
  "controller/App.controller.js.map": 1745773559496,
  "Component-dbg.js": 1745759267334,
  "Component.js.map": 1745773559498,
  "Component-preload.js": 1745773559569,
  "Component-preload.js.map": 1745773559569,
  "view/Main.view.xml": 1745773208529,
  "view/App.view.xml": 1745161797493,
  "css/style.css": 1745161797493,
  "index.html": 1745161797493
}