{
  "Component-preload.js": 1745153310337,
  "model/models.js": 1745072825112,
  "controller/Main.controller.js": 1745072825120,
  "controller/App.controller.js": 1745072825112,
  "manifest.json": 1745153310100,
  "Component.js": 1745072825104,
  "Component-dbg.js": 1745072825104,
  "Component.js.map": 1745153310247,
  "controller/Main-dbg.controller.js": 1745072825120,
  "controller/Main.controller.js.map": 1745153310255,
  "controller/App-dbg.controller.js": 1745072825112,
  "controller/App.controller.js.map": 1745153310246,
  "model/models-dbg.js": 1745072825112,
  "model/models.js.map": 1745153310256,
  "i18n/i18n.properties": 1745072840880,
  "Component-preload.js.map": 1745153310338,
  "view/Main.view.xml": 1745072825120,
  "view/App.view.xml": 1745072825120,
  "css/style.css": 1745072825116,
  "index.html": 1745072825104
}